{"headerData": {"navigationLinks": [{"id": 19, "label": "Home", "href": "/", "status": "active", "created_at": "2025-05-06T21:33:59.756469", "updated_at": "2025-05-06T21:33:59.756469"}, {"id": 20, "label": "About Us", "href": "#about", "status": "active", "created_at": "2025-05-06T21:33:59.756469", "updated_at": "2025-05-06T21:33:59.756469"}, {"id": 21, "label": "Services", "href": "#services", "status": "active", "created_at": "2025-05-06T21:33:59.756469", "updated_at": "2025-05-06T21:33:59.756469"}, {"id": 22, "label": "Testimonials", "href": "#testimonials", "status": "active", "created_at": "2025-05-06T21:33:59.756469", "updated_at": "2025-05-06T21:33:59.756469"}]}, "footerData": {"aboutUs": {"id": 1, "title": "ABOUT US", "description": "CLC aims to bridge the access to justice gap in Tanzania through the use of Legal-Tech Ideas and Digital Technology. By creating a platform for law students to gain practical legal experience, we provide accessible legal services to underserved communities.", "status": "active", "created_at": "2025-05-05T21:13:23.687520", "updated_at": "2025-05-05T21:13:40.974124"}, "contactUs": {"id": 1, "title": "CONTACT US", "status": "active", "created_at": "2025-05-05T21:12:16.533459", "updated_at": "2025-05-05T21:12:16.533459", "items": [{"id": 1, "label": "Community Legal Clinic (CLC)", "value": null, "isMain": false, "isAddress": false, "isContact": false, "status": "active", "created_at": "2025-05-05T21:12:16.533459", "updated_at": "2025-05-05T21:12:16.533459"}, {"id": 2, "label": "WhatsApp Road Dodoma,", "value": null, "isMain": false, "isAddress": false, "isContact": false, "status": "active", "created_at": "2025-05-05T21:12:16.533459", "updated_at": "2025-05-05T21:12:16.533459"}, {"id": 3, "label": "Email", "value": "info@clc.tz", "isMain": false, "isAddress": false, "isContact": false, "status": "active", "created_at": "2025-05-05T21:12:16.533459", "updated_at": "2025-05-05T21:12:16.533459"}]}, "ourServices": {"title": "OUR SERVICE PACKAGES", "items": [{"id": 2, "label": "TECHNICAL SUPPORT APPLICATION (TSA)", "href": "#services", "status": "active", "created_at": "2025-05-07T13:58:41.567138", "updated_at": "2025-05-07T13:58:41.567138"}, {"id": 6, "label": "WILL WRITING SERVICES", "href": "#services", "status": "active", "created_at": "2025-05-07T13:58:41.567138", "updated_at": "2025-05-07T13:58:41.567138"}, {"id": 10, "label": "DEED POLL SERVICES", "href": "#services", "status": "active", "created_at": "2025-05-07T13:58:41.567138", "updated_at": "2025-05-07T13:58:41.567138"}]}, "usefulLinks": {"id": 1, "title": "USEFUL LINKS", "status": "active", "created_at": "2025-05-05T21:07:48.071706", "updated_at": "2025-05-06T21:33:59.756469", "items": [{"id": 19, "label": "Home", "href": "/", "status": "active", "created_at": "2025-05-06T21:33:59.756469", "updated_at": "2025-05-06T21:33:59.756469"}, {"id": 20, "label": "About Us", "href": "#about", "status": "active", "created_at": "2025-05-06T21:33:59.756469", "updated_at": "2025-05-06T21:33:59.756469"}, {"id": 21, "label": "Services", "href": "#services", "status": "active", "created_at": "2025-05-06T21:33:59.756469", "updated_at": "2025-05-06T21:33:59.756469"}, {"id": 22, "label": "Testimonials", "href": "#testimonials", "status": "active", "created_at": "2025-05-06T21:33:59.756469", "updated_at": "2025-05-06T21:33:59.756469"}]}, "socialLinks": [{"id": 1, "platform": "whatsapp", "url": "https://shorturl.at/UJAb8", "icon": "FaWhatsapp", "ariaLabel": "Chat with Legal Expert on WhatsApp", "status": "active", "created_at": "2025-05-07T13:58:41.567138", "updated_at": "2025-05-07T13:58:41.567138"}, {"id": 2, "platform": "twitter", "url": "https://twitter.com/communitylegalclinic", "icon": "FaTwitter", "ariaLabel": "Follow us on Twitter", "status": "active", "created_at": "2025-05-07T13:58:41.567138", "updated_at": "2025-05-07T13:58:41.567138"}, {"id": 3, "platform": "facebook", "url": "https://facebook.com/communitylegalclinic", "icon": "FaFacebook", "ariaLabel": "Like us on Facebook", "status": "active", "created_at": "2025-05-07T13:58:41.567138", "updated_at": "2025-05-07T13:58:41.567138"}, {"id": 4, "platform": "youtube", "url": "https://youtube.com/communitylegalclinic", "icon": "FaYoutube", "ariaLabel": "Subscribe to our YouTube channel", "status": "active", "created_at": "2025-05-07T13:58:41.567138", "updated_at": "2025-05-07T13:58:41.567138"}]}, "heroData": {"id": 3, "headline": "FACING A LEGAL ISSUE?", "subheadline": "Start on WhatsApp, chat with legal Experts, book a phone or Zoom meeting, then meet in person to complete your case.", "ctaText": "CHAT WITH LEGAL EXPERTS", "chatData": {"userMessage": "Hi, I need legal Service Can you help?", "botResponse": "Thanks for reaching out! Please choose the options below:", "userName": "Emma", "options": [{"id": 35, "text": "Book an Appointment", "icon": "calendar"}, {"id": 36, "text": "Chat with Support", "icon": "chat"}]}}, "testimonialsData": {"title": "Trusted by 4000+ Clients since 2024", "subtitle": "We have a reputation for helping clients around the world find success on their most important projects", "testimonials": [{"id": 4, "name": "Advocate Raheli L.", "location": "Arusha", "text": "Joining the Community Legal Clinic platform gave me access to international clients looking for legitimate partnerships in Tanzania's mining sector. The system is transparent, well-organized, and the compliance it helped me grow my practice and assist in sustainable development.", "image": "/testimonials/client1.jpg", "status": "active"}, {"id": 7, "name": "Samuel K.", "location": "Dar-es-Salaam", "text": "I needed to legally change my name, and the CLC platform made it incredibly straightforward. I was connected to a successful legal practitioner who guided me through. They drafted the deed poll quickly and professionally within the same day, and it was submitted for registration with the Ministry of Legal Affairs. The entire process would be fully completed within a week. Seamless, reliable, and very efficient.", "image": "/testimonials/client2.jpg", "status": "active"}, {"id": 8, "name": "Zhang Wei & Joseph M.", "location": "Sino-Tanzania Mining Partners", "text": "Navigating Tanzania's mining regulations as a foreign investor seemed daunting\u2014until I discovered the CLC platform. Their licensed legal practitioners who handled the entire registration process with the Mining Commission efficiently. Within weeks, we had all the permits we needed to begin operations. Invaluable support!", "image": "/testimonials/client3.jpg", "status": "active"}]}, "servicesData": {"title": "OUR SERVICE PACKAGES", "packages": [{"id": 2, "title": "TECHNICAL SUPPORT APPLICATION (TSA)", "description": "The Technical Support Application (TSA) is a comprehensive platform designed to streamline the process of reporting, managing, and resolving technical issues. TSA enables users to submit support tickets, track progress in real time, communicate with support teams, and access a knowledge base for self-service solutions. Built for efficiency and responsiveness, TSA ensures timely technical assistance for both individuals and organizations.", "videoThumbnail": "/services/1.jpg", "videoUrl": "", "status": "active", "offerings": [{"id": 70, "text": "Step-by-Step Process: A structured guide for a smooth TSA approval."}, {"id": 71, "text": "Transparent Fees: Clear pricing breakdown, no hidden costs."}, {"id": 72, "text": "Regulatory Compliance: Ensure full adherence to mining laws."}, {"id": 73, "text": "Regulatory Compliance: Ensure full adherence to mining laws."}]}, {"id": 6, "title": "WILL WRITING SERVICES", "description": "Our Will Writing Services offer individuals and families a secure and straightforward way to create legally binding wills tailored to their wishes. Whether you're planning for your assets, guardianship of children, or funeral instructions, our service ensures your intentions are clearly documented and legally recognized. With expert guidance and confidential handling, we make the process simple, affordable, and accessible.", "videoThumbnail": "", "videoUrl": "https://youtu.be/4x4lzgKhzXo", "status": "active", "offerings": [{"id": 67, "text": "Consultation and Legal Advice: Guiding on how to structure the will."}, {"id": 68, "text": "Drafting the Will: Preparing of the legally valid documents."}, {"id": 69, "text": "Witnessing and Execution: Ensuring properly signed and witnessed."}]}, {"id": 10, "title": "DEED POLL SERVICES", "description": "We provide certified Deed Poll documents for legally changing your name or your child\u2019s name in a simple, fast, and affordable process. Our service ensures that your name change is recognized by all government bodies, banks, and other official institutions. Whether for personal, cultural, or legal reasons, we handle the paperwork, guidance, and delivery with professionalism and confidentiality.", "videoThumbnail": "/services/2.jpg", "videoUrl": "", "status": "active", "offerings": [{"id": 61, "text": "Document Preparation: Drafting and preparing legal documents."}, {"id": 62, "text": "Legal Advice and Consultation: Providing guidance on the legal."}, {"id": 63, "text": "Deed Registration and Filing: Official registration and filing."}]}]}, "howData": {"id": 1, "title": "How it works", "subtitle": "Start your legal Service in Four Simple Steps.", "status": "active", "steps": [{"id": 1, "title": "Choose or request a legal Service", "description": "Updated description for step 1", "icon": "/images/how/1.png"}, {"id": 2, "title": "Speak with a Legal Expert", "description": "Updated description for step 2", "icon": "/images/how/2.png"}, {"id": 3, "title": "Getting It Done", "description": "Updated description for step 3", "icon": "/images/how/3.png"}, {"id": 4, "title": "Follow Up Anytime", "description": "Updated description for step 4", "icon": "/images/how/4.png"}], "created_at": "2025-05-06 17:05:53", "updated_at": "2025-05-06 17:05:57"}, "announcementsData": {"title": "ANNOUNCEMENTS", "announcements": [{"id": 3, "title": "Upcoming UDSM Research Week Exhibition on how ICT has changed Legal access in Tanzania, - 2025", "description": "Join us for an insightful exhibition showcasing the impact of ICT on legal access in Tanzania at the UDSM Research Week.", "date": {"day": "19", "month": "MAY", "year": "2025"}, "isNew": true, "status": "active", "created_at": "2025-05-06 12:53:22", "updated_at": "2025-05-06T21:51:26.067287"}, {"id": 1, "title": "Invitation to ICT training on the use of chatbot systems in legal assistance, 2025", "description": "Learn how to effectively utilize chatbot systems for legal assistance in this comprehensive ICT training session.", "date": {"day": "05", "month": "MAY", "year": "2025"}, "isNew": true, "status": "active", "created_at": "2025-05-05 15:44:10", "updated_at": "2025-05-06T21:51:52.001421"}, {"id": 4, "title": "Official inaguration of CLC Chatbot System at Kibaha District Council - Dec 2023", "description": "Witness the launch of our innovative CLC Chatbot System at Kibaha District Council, marking a new era in legal assistance.", "date": {"day": "18", "month": "DEC", "year": "2023"}, "isNew": false, "status": "active", "created_at": "2025-05-06 18:52:26", "updated_at": "2025-05-06 18:52:26"}]}}