{
  "title": "ANNOUNCEMENTS",
  "announcements": [
    {
      "id": 1,
      "title": "Upcoming UDSM Research Week Exhibition on how ICT has changed Legal access in Tanzania, - 2025",
      "description": "Join us for an insightful exhibition showcasing the impact of ICT on legal access in Tanzania at the UDSM Research Week.",
      "date": {
        "day": "19",
        "month": "MAY",
        "year": "2025"
      },
      "isNew": true
    },
    {
      "id": 2,
      "title": "Invitation to ICT training on the use of chatbot systems in legal assistance, 2025",
      "description": "Learn how to effectively utilize chatbot systems for legal assistance in this comprehensive ICT training session.",
      "date": {
        "day": "05",
        "month": "MAY",
        "year": "2025"
      },
      "isNew": true
    },
    {
      "id": 3,
      "title": "Official inaguration of CLC Chatbot System at Kibaha District Council - Dec 2023",
      "description": "Witness the launch of our innovative CLC Chatbot System at Kibaha District Council, marking a new era in legal assistance.",
      "date": {
        "day": "18",
        "month": "DEC",
        "year": "2023"
      },
      "isNew": false
    }
  ]
}