{
  "aboutUs": {
    "title": "ABOUT US",
    "description": "CLC aims to bridge the access to justice gap in Tanzania through the use of Legal-Tech Ideas and Digital Technology. By creating a platform for law students to gain practical legal experience, we provide accessible legal services to underserved communities."
  },
  "contactUs": {
    "title": "CONTACT US",
    "items": [
      {
        "id": 1,
        "label": "Community Legal Clinic (CLC)",
        "isMain": true
      },
      {
        "id": 4,
        "label": "P. O. Box 4661,",
        "isAddress": true
      },
      {
        "id": 5,
        "label": "Dar-es-Salaam, Tanzania.",
        "isAddress": true
      },
      {
        "id": 6,
        "label": "Email",
        "value": "info@clctz.org",
        "isContact": true
      },
      {
        "id": 7,
        "label": "Phone",
        "value": "+255 745 118 253",
        "isContact": true
      }
    ]
  },
  "ourServices": {
    "title": "OUR SERVICES",
    "items": [
      {
        "id": 1,
        "label": "Technical Support Agreement (TSA)",
        "href": "#services"
      },
      {
        "id": 2,
        "label": "Deed Poll Service",
        "href": "#services"
      },
      {
        "id": 3,
        "label": "Will Writing Service",
        "href": "#services"
      }
    ]
  },
  "usefulLinks": {
    "title": "USEFUL LINKS",
    "items": [
      {
        "id": 1,
        "label": "About Us",
        "href": "#about"
      },
      {
        "id": 2,
        "label": "Our Services",
        "href": "#services"
      },
      {
        "id": 3,
        "label": "Testimonials",
        "href": "#testimonials"
      },
      {
        "id": 4,
        "label": "Book Consultation",
        "href": "https://shorturl.at/EMOCr"
      },
      {
        "id": 5,
        "label": "Chat with Expert",
        "href": "https://shorturl.at/UJAb8"
      }
    ]
  },
  "socialLinks": [
    {
      "id": 1,
      "platform": "whatsapp",
      "url": "https://shorturl.at/UJAb8",
      "icon": "FaWhatsapp",
      "ariaLabel": "Chat with Legal Expert on WhatsApp"
    },
    {
      "id": 2,
      "platform": "twitter",
      "url": "https://twitter.com/communitylegalclinic",
      "icon": "FaTwitter",
      "ariaLabel": "Follow us on Twitter"
    },
    {
      "id": 3,
      "platform": "facebook",
      "url": "https://facebook.com/communitylegalclinic",
      "icon": "FaFacebook",
      "ariaLabel": "Like us on Facebook"
    },
    {
      "id": 4,
      "platform": "youtube",
      "url": "https://youtube.com/communitylegalclinic",
      "icon": "FaYoutube",
      "ariaLabel": "Subscribe to our YouTube channel"
    }
  ]
}