{
  "headline": "FACING A LEGAL ISSUE?",
  "subheadline": "Start on WhatsApp, chat with legal Experts, book a phone or Zoom meeting, then meet in person to complete your case.",
  "ctaText": "CHAT WITH LEGAL EXPERTS",
  "chatData": {
    "userMessage": "Hi, I need legal Service Can you help?",
    "botResponse": "Thanks for reaching out! Please choose the options below:",
    "userName": "Emma",
    "options": [
      {
        "id": 1,
        "text": "Book an Appointment",
        "icon": "calendar"
      },
      {
        "id": 2,
        "text": "Chat with Support",
        "icon": "chat"
      }
    ]
  }
}