{
  "title": "Trusted by 4000+ Clients since 2021",
  "subtitle": "We have a reputation for helping clients around the world find success on their most important projects",
  "testimonials": [
    {
      "id": 1,
      "name": "Advocate Raheli L.",
      "location": "Arusha",
      "text": "Joining the Community Legal Clinic platform gave me access to international clients looking for legitimate partnerships in Tanzania's mining sector. The system is transparent, well-organized, and the compliance it helped me grow my practice and assist in sustainable development.",
      "image": "/testimonials/client1.jpg"
    },
    {
      "id": 2,
      "name": "Samuel K.",
      "location": "Dar es Salaam",
      "text": "I needed to legally change my name, and the CLC platform made it incredibly straightforward. I was connected to a successful legal practitioner who guided me through. They drafted the deed poll quickly and professionally within the same day, and it was submitted for registration with the Ministry of Legal Affairs. The entire process would be fully completed within a week. Seamless, reliable, and very efficient.",
      "image": "/testimonials/client2.jpg"
    },
    {
      "id": 3,
      "name": "Zhang Wei & Joseph M.",
      "location": "Sino-Tanzania Mining Partners",
      "text": "Navigating Tanzania's mining regulations as a foreign investor seemed daunting—until I discovered the CLC platform. Their licensed legal practitioners who handled the entire registration process with the Mining Commission efficiently. Within weeks, we had all the permits we needed to begin operations. Invaluable support!",
      "image": "/testimonials/client3.jpg"
    }
  ]
}