{
  "title": "How it works",
  "subtitle": "Start your legal Service in Four Simple Steps.",
  "steps": [
    {
      "id": 1,
      "title": "Choose or request a legal Service",
      "description": "Get started by chatting on WhatsApp or booking directly online. Our support team will guide you and, if needed, schedule a Zoom or phone meeting with a licensed legal expert. You'll then meet in person to complete your case with full professional support.",
      "icon": "/images/how/1.png"
    },
    {
      "id": 2,
      "title": "Speak with a Legal Expert",
      "description": "Start by chatting with a licensed legal expert on WhatsApp. You can then book a phone or Zoom meeting for more in-depth support.",
      "icon": "/images/how/2.png"
    },
    {
      "id": 3,
      "title": "Getting It Done",
      "description": "Your issue is handled professionally from start to finish, with all documentation and applications prepared and submitted by qualified practitioners.",
      "icon": "/images/how/3.png"
    },
    {
      "id": 4,
      "title": "Follow Up Anytime",
      "description": "Stay informed every step of the way. Track progress, ask questions, or access additional support whenever you need it.",
      "icon": "/images/how/4.png"
    }
  ]
} 