{
  "title": "OUR SERVICE PACKAGES",
  "packages": [
    {
      "id": 1,
      "title": "TECHNICAL SUPPORT APPLICATION (TSA)",
      "description": "Technical Support Application",
      "videoThumbnail": "/services/1.jpg",
      "videoUrl": "",
      "offerings": [
        {
          "id": 1,
          "text": "Step-by-Step Process: A structured guide for a smooth TSA approval."
        },
        {
          "id": 2,
          "text": "Transparent Fees: Clear pricing breakdown, no hidden costs."
        },
        {
          "id": 3,
          "text": "Regulatory Compliance: Ensure full adherence to mining laws."
        }
      ]
    },
    {
      "id": 2,
      "title": "WILL WRITING SERVICES",
      "description": "Will Writing Services",
      "videoThumbnail": "",
      "videoUrl": "https://youtu.be/4x4lzgKhzXo",
      "offerings": [
        {
          "id": 1,
          "text": "Consultation and Legal Advice: Guiding on how to structure the will."
        },
        {
          "id": 2,
          "text": "Drafting the Will: Preparing of the legally valid documents."
        },
        {
          "id": 3,
          "text": "Witnessing and Execution: Ensuring properly signed and witnessed."
        }
      ]
    },
    {
      "id": 3,
      "title": "DEED POLL SERVICES",
      "description": "Deed Poll Services",
      "videoThumbnail": "/services/2.jpg",
      "videoUrl": "",
      "offerings": [
        {
          "id": 1,
          "text": "Document Preparation: Drafting and preparing legal documents."
        },
        {
          "id": 2,
          "text": "Legal Advice and Consultation: Providing guidance on the legal."
        },
        {
          "id": 3,
          "text": "Deed Registration and Filing: Official registration and filing."
        }
      ]
    },
    {
      "id": 4,
      "title": "LEGAL CONSULTATION",
      "description": "Legal Consultation",
      "videoThumbnail": "/services/1.jpg",
      "videoUrl": "",
      "offerings": [
        {
          "id": 1,
          "text": "Expert Legal Advice: Professional guidance on legal matters."
        },
        {
          "id": 2,
          "text": "Case Analysis: Thorough evaluation of your legal situation."
        },
        {
          "id": 3,
          "text": "Strategy Development: Creating effective legal solutions."
        }
      ]
    },
    {
      "id": 5,
      "title": "CORPORATE LEGAL SERVICES",
      "description": "Corporate Legal Services",
      "videoThumbnail": "/services/2.jpg",
      "videoUrl": "",
      "offerings": [
        {
          "id": 1,
          "text": "Business Registration: Complete company formation services."
        },
        {
          "id": 2,
          "text": "Contract Review: Expert analysis of legal agreements."
        },
        {
          "id": 3,
          "text": "Corporate Compliance: Ensuring legal regulatory adherence."
        }
      ]
    },
    {
      "id": 6,
      "title": "PROPERTY LAW SERVICES",
      "description": "Property Law Services",
      "videoThumbnail": "/services/1.jpg",
      "videoUrl": "",
      "offerings": [
        {
          "id": 1,
          "text": "Property Transactions: Handling buying and selling processes."
        },
        {
          "id": 2,
          "text": "Lease Agreements: Drafting and reviewing lease documents."
        },
        {
          "id": 3,
          "text": "Property Disputes: Resolution and legal representation."
        }
      ]
    }
  ]
}